{"ns": [0.2, 1.1777777777777778, 2.155555555555556, 3.1333333333333337, 4.111111111111112, 5.0888888888888895, 6.066666666666667, 7.044444444444445, 8.022222222222222, 9.0], "apers": [[0.6931714210826678, 0.8269245780420591, 1.212654560499177, 1.2589062064307055, 1.2524399496579741, 1.319736688240826, 1.321264385990238, 1.32142235366382, 1.3216757888362773, 1.3220838292258386, 1.3227378241511625, 1.3237893543989971, 1.325481925090786, 1.328209795926139, 1.3326113040282046, 1.3397161405279379, 1.351168667275803, 1.3695453258623567, 1.3987666121438531, 1.447657987267996, 1.5219423459728352, 1.6352946225561398, 1.8017491600868698, 2.044474110176219, 2.3852907234404666, 2.8427852646518827, 3.460295658589221, 4.262950169640682, 5.298384653938724, 6.630070785071143, 8.337950102975427, 10.501200649558553, 13.197824794478736, 16.422012498637628, 19.932279847916814, 23.309213251367247, 26.057808817791276, 28.03001658731705, 29.343832973135143, 30.17991828483315], [0.597994850897621, 0.6313058737745563, 0.6899033077457196, 0.7918987490027544, 1.1195314667950726, 1.0741018081312048, 1.267151384695035, 1.2767602630624044, 1.3008507274049936, 1.3084164445516022, 1.3100609110688308, 1.3116948150462577, 1.3143917211216913, 1.3185777712443458, 1.3252908257073408, 1.3359232106471877, 1.3527117414780392, 1.3788473354559632, 1.4204495958238492, 1.4872127897546585, 1.5796482048273974, 1.7188878584247935, 1.9094485621986175, 2.1679809986350094, 2.5125894059143055, 2.974550590798278, 3.5782462388132235, 4.372210407693646, 5.395165091040473, 6.708875677262782, 8.397208092720941, 10.54923032283452, 13.236120996814398, 16.45163637768197, 19.95385627172418, 23.32171130458657, 26.064341729922017, 28.033090676056386, 29.34512736527766, 30.180458592705694], [0.308504286622072, 0.3510902270629269, 0.40487508127598815, 0.6169189271996506, 0.7178715135018067, 0.9574032854673896, 1.0614301647838884, 1.2662592982551972, 1.3519531818863408, 1.4110104642372403, 1.4201206828858008, 1.4219468348588387, 1.4327661435446, 1.4388814145480504, 1.4454268913593467, 1.4559614496779336, 1.4728168890015034, 1.4997525037009636, 1.5418495479776655, 1.6084002029128541, 1.7126686693683966, 1.8601177105737081, 2.0630140069516467, 2.3377261025862968, 2.7005888676459966, 3.1693013405610877, 3.7812420131333977, 4.566359622481619, 5.587180709668267, 6.890600545424408, 8.553413828615508, 10.673035579355728, 13.33909539800687, 16.53317981720546, 20.013819219810067, 23.356613938594833, 26.08266931286326, 28.041777252842543, 29.348818086969253, 30.182012619077305], [0.27101090160108604, 0.27553152829060834, 0.31970047943696756, 0.3538459416114477, 0.5679890351984161, 0.7108222377172192, 0.8897377584812608, 1.016888699046834, 1.231751352680682, 1.4110397026535797, 1.4713507328790123, 1.4946858134000023, 1.5175032640884323, 1.5476274303128794, 1.5545051779265693, 1.5635166289550773, 1.5779519716852353, 1.6039857655701375, 1.6479283157724722, 1.7158778873160512, 1.8188275912953267, 1.9727190765783327, 2.188358643643853, 2.4753230720197603, 2.848676039611304, 3.3384658571454002, 3.965126219694371, 4.763572470051767, 5.784711383955119, 7.097328958313054, 8.76134408522385, 10.863150511116439, 13.495538779029992, 16.663889647116974, 20.11288955861186, 23.415495621889892, 26.114173245824144, 28.05706087713537, 29.355487329061912, 30.184893521716212], [0.08793406106062704, 0.1772271798399991, 0.24785454698145276, 0.29172532637311144, 0.3245041847082968, 0.5063251829862083, 0.6592699435902778, 0.8243616082047205, 0.9691851511180972, 1.2207239604860898, 1.425291064514085, 1.4988357021993357, 1.539804451892723, 1.6235819921469836, 1.6536756736669969, 1.6640437785241855, 1.6779386327876848, 1.701710664009811, 1.7407957255531705, 1.8056334181378133, 1.914392108959675, 2.069959274781042, 2.2878649127783306, 2.5856940361856635, 2.978812737868698, 3.482194245512443, 4.114446922861695, 4.940208874796515, 5.968274946443833, 7.289699994900004, 8.965764076824817, 11.07111884224197, 13.673325965788475, 16.814676208642087, 20.230492374556444, 23.48715724035508, 26.15336557679048, 28.076534995793857, 29.364207243580175, 30.18875075650699], [0.05484948000058393, 0.08182419388843354, 0.17950616110551132, 0.21289008972410317, 0.2709590992200947, 0.3005051062791396, 0.42855122264472156, 0.6168557574849496, 0.7267370575927473, 0.9224519623877471, 1.16553083636298, 1.4055559784294456, 1.5314181121426327, 1.5990065182142799, 1.7047101990322755, 1.7465214250855035, 1.756855592979591, 1.777803542929346, 1.818085563987256, 1.8860734262598087, 1.9880509032400182, 2.1508974996087806, 2.3766757040602022, 2.682430456583024, 3.0829356254787332, 3.592988038058394, 4.250787487286019, 5.081171773760166, 6.134150069401241, 7.451359053216545, 9.14215495427358, 11.255457250491304, 13.85472720445775, 16.955864061952642, 20.342415875676494, 23.556531284983045, 26.191876278952623, 28.095973217090993, 29.373049945366127, 30.19272222505402], [0.03817418523644319, 0.052338158439748414, 0.07703224032655184, 0.12056997872384657, 0.19799828995507798, 0.25352838358450835, 0.2815724573087976, 0.40084365532202537, 0.5846885562192687, 0.6904677418313038, 0.8648680103762059, 1.121989534403384, 1.2760494559923847, 1.5162126545378625, 1.5888024939414827, 1.6821235313649445, 1.8158021026355042, 1.838821666425818, 1.88271623327086, 1.9462763484077235, 2.0491768337370986, 2.21078980724409, 2.4424469610168034, 2.7544155350968116, 3.161021013088887, 3.680463397232965, 4.35687539150877, 5.190887163116788, 6.265019627025731, 7.594935286618249, 9.286567288882777, 11.408873342621161, 14.00822816703601, 17.07782181168084, 20.439007997133597, 23.61680993083088, 26.22562880831379, 28.113153305963216, 29.38094605521787, 30.196287473073262], [0.03588621782821751, 0.03753020389909631, 0.050982711788877776, 0.07350889170179656, 0.10309627342120914, 0.18823893509837128, 0.23766422865112996, 0.26684202939053914, 0.36961787797948253, 0.5041155177594476, 0.6548118463563367, 0.7988901056378076, 0.9965044023628562, 1.1896169339286693, 1.4394689005959105, 1.578538598868577, 1.6482073365253558, 1.8533349957631728, 1.9093908012912972, 1.9876183241526881, 2.0954754007249963, 2.253542622597128, 2.4895959254468356, 2.8069241923739914, 3.2188560202389898, 3.757400931770159, 4.438359972098954, 5.283659257013498, 6.368478617776871, 7.716357660375076, 9.403196912631591, 11.53338842831649, 14.132675510110356, 17.176313126861945, 20.517344157225292, 23.666348603961175, 26.253563085116554, 28.127472720712703, 29.38757176224386, 30.199300496867878], [0.03149128362788591, 0.03622209235701297, 0.038373335927646274, 0.04773805036371892, 0.07179540043566285, 0.09524606317655153, 0.1870647870685354, 0.20770892177266043, 0.258793556976257, 0.31892827614643743, 0.4748319539740405, 0.6314031408750226, 0.8266127420978155, 0.9110739745931017, 1.1699199520257435, 1.3933998305946074, 1.5717864393752021, 1.7103165476035946, 1.8264700786485548, 1.965095841440003, 2.1148501139328353, 2.279562586416636, 2.520370152339571, 2.842245507754967, 3.2613242615556066, 3.8112389306322334, 4.496018469848748, 5.356814433463207, 6.443306544644047, 7.804996571106064, 9.489420364725914, 11.626613488666994, 14.226626502558373, 17.253291565820895, 20.580352844762672, 23.704718787228902, 26.27458839223894, 28.136540489305435, 29.388270341157877, 30.194485409305543], [0.027450730630591117, 0.03183377067884451, 0.03803852386027333, 0.04268939857162702, 0.05210382245210511, 0.06820253565442175, 0.09015052604257166, 0.22912333305804433, 0.2290636534475297, 0.2827860878106576, 0.35066858597048856, 0.4225903725471069, 0.608719599242269, 0.832363866385267, 1.072135566778538, 1.2339047598381085, 1.468788561595397, 1.615242228392793, 1.7903334997966833, 1.9552980906942528, 2.1083211477076294, 2.296243021909615, 2.5410090740652214, 2.868583955845512, 3.2986501084685553, 3.8525050057029517, 4.540233400796447, 5.4135863136818925, 6.501818883268477, 7.875458344106844, 9.565569549338402, 11.705697490247656, 14.31175277536071, 17.32253805953002, 